Automotive,Business,Graphics & Design,Home & Garden,Labor & Moving,Lessons,Legal,Marketing,Programming & Tech,Real Estate,Skilled Trade
Air Conditioning & Heating,Accounting & Bookkeeping,3D Modeling & Rendering,Appliance Installation,Delivery & Courier Services,Academic Tutoring,Business & Corporate Law,Affiliate Marketing,AI Development,Closing & Transaction Support,Appliance Repair
Bodywork & Painting,Admin Support,Animation & Motion Graphics,Cleaning Services,Event Setup & Tear Down,Art & Craft Lessons,Contract Review & Drafting,Branding & Identity,API Integration & Development,Home Inspection Services,Carpentry & Woodworking
Brake Services,Business Consulting,Architectural & Building Design,Demolition,Furniture Assembly & Installation,Cooking & Culinary Lessons,Estate Planning & Wills,Campaign Management,AR/VR Development,Home Staging,Decks & Fencing
Detailing Services,Business Formation & Filing,Book & Album Cover Design,Excavating,Heavy Lifting,Dance & Movement Lessons,Family Law,Content Marketing,Automation & Scripting,Property Management,Drywall & Insulation
Diagnostics & Repairs,Business Plans & Strategy,Brand Identity & Style Guides,Exterior Painting,Junk Removal,Hobby & Leisure Lessons,Immigration Services,Copywriting & Editing,Blockchain & Cryptocurrency Development,Property Valuation & Appraisal,Electrical
Electrical Systems,Corporate Event Support / Planning,Business Cards,Fireplace & Chimney Services,Loading & Unloading,Language Lessons,Intellectual Property & Copyright,Email Marketing,Chatbot Development,Real Estate Consulting,Excavation & Site Prep
Engine & Transmission,Customer Support Services,Digital Art & Drawing,Gardening & Planting,Moving & Hauling,Music Lessons,Landlord & Tenant Law,Influencer Marketing,Cloud Services & DevOps,Real Estate Investment Consulting,Flooring Installation & Repair
Glass Services,Data Entry,Illustration,Holiday & Seasonal Decorating,Moving Prep & Cleanup,Professional & Career Development,Legal Assistant Services,Market Research & Analysis,Cybersecurity & Data Protection,Real Estate Photography,General Contracting
Performance Upgrades,Financial Analysis & Forecasting,Image Restoration,Home Maintenance,Packing,Sports & Fitness Lessons,Legal Consulting & Advice,Marketing Strategy & Consulting,Database Design & Management,Rental Listing Assistance,Handyman Services
Roadside Assistance & Towing,Grant Writing,Infographics,Home Organizing,Seasonal Labor,Technology & Software Training,Legal Secretary Services,Pay-Per-Click (PPC) Advertising,E-commerce Development,Title & Escrow Assistance,HVAC
Routine Maintenance,HR & Recruiting Services,Logo Design,Interior Painting,Temporary Staffing & Day Labor,Test Prep & Study Skills,Legal Writing & Research,Public Relations,Game Development,Virtual Tours & 3D Walkthroughs,Irrigation & Sprinkler Systems
Speciality Services,Lead Generation,Merch & Apparel Design,Landscaping,,Wellness & Mindfulness Lessons,Litigation Support,Search Engine Optimization (SEO),IT Support & Troubleshooting,,Masonry & Concrete
Tire Services,Market Research & Analysis,NFT & Collectible Art,Lawn Care & Maintenance,,,Notary Services,Social Media Management,Mobile App Development,,Plumbing
,Notary Services,Packaging & Label Design,Pest Control,,,Paralegal Services,Social Media Marketing,Network Administration,,Roofing & Gutters
,Operations & Process Optimization,Photo Editing & Retouching,Pool & Spa Services,,,Personal Injury,Video Marketing,QA & Testing,,Solar Installation
,Procurement & Vendor Management,Presentation Design,Pressure Washing,,,Tax Law,,Software (SaaS) Development,,Tree Services
,Project Management,Print Materials,Smart Home Setup,,,,,Technical Consulting,,Welding & Metal Fabrication
,Quality Assurance & Compliance,Social Media Graphics,Waterproofing & Drainage,,,,,UI/UX Development,,Window & Door Services
,Sales,UI/UX Design,,,,,,Web Development,,
,Tax Preparation & Filing,Web & App Design,,,,,,Website Maintenance,,
,Training & Development,,,,,,,,,
,Virtual Assistance,,,,,,,,,